bucket,claim_key,claim_as_judged,title,citations,mistral_stance,mistral_confidence,mistral_finding,new_stance,new_confidence,new_finding,new_model,WHO_IS_RIGHT,YOUR_NOTES,paperId,abstract
REVERSAL,back_to_sleep,Placing infants on their back to sleep reduces the risk of SIDS,Risk Factors for Sudden Infant Death Syndrome Following the Prevention Campaign in New Zealand: A Prospective Study,329,refutes,95,Prone and side sleeping positions increase the risk of SIDS compared to supine position,supports,95,Supine sleeping reduced SIDS risk; prone and side positions increased risk.,qwen3-8b-gpu,,,W2107403270,"OBJECTIVES: To identify the risk factors for sudden infant death syndrome (SIDS) following a national campaign to prevent SIDS. METHODS: For 2 years (October 1, 1991 through September 30, 1993) data were collected by community child health nurses on all infants born in New Zealand at initial contact and at 2 months. RESULTS: There were 232 SIDS cases in the postneonatal age group (2.0/1000 live births) and these were compared with 1200 randomly selected control subjects. Information was available for 127 cases (54.7%) and 922 (76.8%) of controls. The previously identified modifiable risk factors were examined. The prevalence of prone sleeping position of the infant was very low (0.7% at initial contact and 3. 0% at 2 months), but was still associated with an increased risk of SIDS. In addition, the side sleeping position was also found to have an increased risk of SIDS compared with the supine sleeping position (at 2 months: adjusted odds ratio (OR) = 6.57; 95% confidence interval (CI) = 1.71, 25.23). Maternal smoking was found to be the major risk factor for SIDS. Bed sharing was also associated with an increased risk of SIDS. There was an interaction between maternal smoking and bed sharing on the risk of SIDS. Compared with infants not exposed to either bed sharing or maternal smoking, the adjusted OR for infants of mothers who smoked was 5.01 (95% CI = 2.01, 12.46) for bed sharing at the initial contact and 5.02 (95% CI = 1.05, 24. 05) for bed sharing at 2 months. In this study breastfeeding was not associated with a statistically significant reduction in the risk of SIDS. The other risk factors for SIDS identified were: unmarried mother, leaving school at a younger age, young mother, greater number of previous pregnancies, late attendance for antenatal care, smoking in pregnancy, male infant, Maori ethnicity, low birth weight, and shorter gestation. CONCLUSIONS: After adjustment for potential confounders, prone and side sleeping positions, maternal smoking, and the joint exposure to bed sharing and maternal smoking were associated with statistically significant increased risk of SIDS. A change from the side to the supine sleeping position could result in a substantial reduction in SIDS. Maternal smoking is common in New Zealand and with the reduction in the prevalence of prone sleeping position is now the major risk factor in this country. However, smoking behavior has been difficult to change. Bed sharing is also a major factor but appears only to be a risk to infants of mothers who smoke. Addressing bed sharing among mothers who smoke could reduce SIDS by at least one third. Breastfeeding did not appear to offer a statistically significant reduction in SIDS risk after adjustment of potential confounders, but as breastfeeding rates are comparatively good in New Zealand, this result should be interpreted with caution as the power of this study to detect a benefit is small."
REVERSAL,iron_rich_6m,Iron-rich complementary foods from 6 months lead to better health outcomes,The Benefits and Risks of Iron Supplementation in Pregnancy and Childhood,210,refutes,80,Iron supplementation may not be necessary for iron-sufficient individuals,supports,85,Iron supplementation reduces deficiency risks but may harm sufficient individuals,qwen3-8b-gpu,,,W2946379228,"Iron deficiency is the most common micronutrient deficiency in the world and disproportionately affects pregnant women and young children. Iron deficiency has negative effects on pregnancy outcomes in women and on immune function and neurodevelopment in children. Iron supplementation programs have been successful in reducing this health burden. However, iron supplementation of iron-sufficient individuals is likely not necessary and may carry health risks for iron-sufficient and potentially some iron-deficient populations. This review considers the physiology of iron as a nutrient and how this physiology informs decision-making about weighing the benefits and risks of iron supplementation in iron-deficient, iron-sufficient, and iron-overloaded pregnant women and children."
hard -> neutral,screen_obesity,Higher screen time is associated with higher BMI in early childhood,"Worldwide trends in body-mass index, underweight, overweight, and obesity from 1975 to 2016: a pooled analysis of 2416 population-based measurement studies in 128·9 million children, adolescents, and adults",7726,refutes,90,Worldwide trends show an increase in obesity and a decrease in underweight in children and adolescents,neutral,20,Global obesity prevalence increased in children/adolescents but no screen time-BMI link reported,qwen3:8b,,,W2762689525,"BACKGROUND: Underweight, overweight, and obesity in childhood and adolescence are associated with adverse health consequences throughout the life-course. Our aim was to estimate worldwide trends in mean body-mass index (BMI) and a comprehensive set of BMI categories that cover underweight to obesity in children and adolescents, and to compare trends with those of adults. METHODS: We pooled 2416 population-based studies with measurements of height and weight on 128·9 million participants aged 5 years and older, including 31·5 million aged 5-19 years. We used a Bayesian hierarchical model to estimate trends from 1975 to 2016 in 200 countries for mean BMI and for prevalence of BMI in the following categories for children and adolescents aged 5-19 years: more than 2 SD below the median of the WHO growth reference for children and adolescents (referred to as moderate and severe underweight hereafter), 2 SD to more than 1 SD below the median (mild underweight), 1 SD below the median to 1 SD above the median (healthy weight), more than 1 SD to 2 SD above the median (overweight but not obese), and more than 2 SD above the median (obesity). FINDINGS: per decade (0·50-1·06, PP>0·9999) in Polynesia and Micronesia. Trends in mean BMI have recently flattened in northwestern Europe and the high-income English-speaking and Asia-Pacific regions for both sexes, southwestern Europe for boys, and central and Andean Latin America for girls. By contrast, the rise in BMI has accelerated in east and south Asia for both sexes, and southeast Asia for boys. Global age-standardised prevalence of obesity increased from 0·7% (0·4-1·2) in 1975 to 5·6% (4·8-6·5) in 2016 in girls, and from 0·9% (0·5-1·3) in 1975 to 7·8% (6·7-9·1) in 2016 in boys; the prevalence of moderate and severe underweight decreased from 9·2% (6·0-12·9) in 1975 to 8·4% (6·8-10·1) in 2016 in girls and from 14·8% (10·4-19·5) in 1975 to 12·4% (10·3-14·5) in 2016 in boys. Prevalence of moderate and severe underweight was highest in India, at 22·7% (16·7-29·6) among girls and 30·7% (23·5-38·0) among boys. Prevalence of obesity was more than 30% in girls in Nauru, the Cook Islands, and Palau; and boys in the Cook Islands, Nauru, Palau, Niue, and American Samoa in 2016. Prevalence of obesity was about 20% or more in several countries in Polynesia and Micronesia, the Middle East and north Africa, the Caribbean, and the USA. In 2016, 75 (44-117) million girls and 117 (70-178) million boys worldwide were moderately or severely underweight. In the same year, 50 (24-89) million girls and 74 (39-125) million boys worldwide were obese. INTERPRETATION: The rising trends in children's and adolescents' BMI have plateaued in many high-income countries, albeit at high levels, but have accelerated in parts of Asia, with trends no longer correlated with those of adults. FUNDING: Wellcome Trust, AstraZeneca Young Health Programme."
hard -> neutral,weaning_6m,Introducing complementary foods at around 6 months is associated with better outcomes than introducing them earlier or later,Complementary Feeding,961,supports,100,Complementary foods should not be introduced before 4 months but should not be delayed beyond 6 months,neutral,30,Complementary foods should not be introduced before 4 months or delayed beyond 6 months,qwen3-8b-gpu,,,W2561977474,"This position paper considers different aspects of complementary feeding (CF), focussing on healthy term infants in Europe. After reviewing current knowledge and practices, we have formulated these recommendations: Timing: Exclusive or full breast-feeding should be promoted for at least 4 months (17 weeks, beginning of the 5th month of life) and exclusive or predominant breast-feeding for approximately 6 months (26 weeks, beginning of the 7th month) is a desirable goal. Complementary foods (solids and liquids other than breast milk or infant formula) should not be introduced before 4 months but should not be delayed beyond 6 months. CONTENT: Infants should be offered foods with a variety of flavours and textures including bitter tasting green vegetables. Continued breast-feeding is recommended alongside CF. Whole cows' milk should not be used as the main drink before 12 months of age. Allergenic foods may be introduced when CF is commenced any time after 4 months. Infants at high risk of peanut allergy (those with severe eczema, egg allergy, or both) should have peanut introduced between 4 and 11 months, following evaluation by an appropriately trained specialist. Gluten may be introduced between 4 and 12 months, but consumption of large quantities should be avoided during the first weeks after gluten introduction and later during infancy. All infants should receive iron-rich CF including meat products and/or iron-fortified foods. No sugar or salt should be added to CF and fruit juices or sugar-sweetened beverages should be avoided. Vegan diets should only be used under appropriate medical or dietetic supervision and parents should understand the serious consequences of failing to follow advice regarding supplementation of the diet. METHOD: Parents should be encouraged to respond to their infant's hunger and satiety queues and to avoid feeding to comfort or as a reward."
neutral -> hard,breastfeeding_6m,Exclusive breastfeeding for the first 6 months leads to better health outcomes,Primary Care Interventions to Support Breastfeeding,165,neutral,80,No consistent effects of breastfeeding interventions on infant health outcomes,mixed,85,Interventions had inconsistent effects on infant health; no maternal outcomes reported,qwen3:8b,,,W2533756606,"Importance: Although 80% of infants in the United States start breastfeeding, only 22% are exclusively breastfed up to around 6 months as recommended by a number of professional organizations. Objective: To systematically review the evidence on the benefits and harms of breastfeeding interventions to support the US Preventive Services Task Force in updating its 2008 recommendation. Data Sources: MEDLINE, PubMed, Cumulative Index for Nursing and Allied Health Literature, Cochrane Central Register of Controlled Trials, and PsycINFO for studies published in the English language between January 1, 2008, and September 25, 2015. Studies included in the previous review were re-evaluated for inclusion. Surveillance for new evidence in targeted publications was conducted through January 26, 2016. Study Selection: Review of randomized clinical trials and before-and-after studies with concurrent controls conducted in a developed country that evaluated a primary care-relevant breastfeeding intervention among mothers of full- or near-term infants. Of 211 full-text articles reviewed, 52 studies met inclusion criteria. Thirty-one studies were newly identified, and 21 studies were carried forward from the previous review. Data Extraction and Synthesis: Independent critical appraisal of all provisionally included studies. Data were independently abstracted by one reviewer and confirmed by another. Main Outcomes and Measures: Child and maternal health outcomes, rates and duration of breastfeeding, and harms related to interventions as prespecified before data collection. Results: Fifty-two studies (n = 66 757) in 57 publications were included. Six trials (n = 2219) reported inconsistent effects of the interventions on infant health outcomes; no studies reported maternal health outcomes. Pooled estimates based on random-effects meta-analyses using the DerSimonian and Laird method indicated beneficial associations between individual-level breastfeeding interventions and any breastfeeding for less than 3 months (risk ratio [RR], 1.07 [95% CI, 1.03-1.11]; 26 studies [n = 11 588]), at 3 to less than 6 months (RR, 1.11 [95% CI, 1.04-1.18]; 23 studies [n = 8942]), and for exclusive breastfeeding for less than 3 months (RR, 1.21 [95% CI, 1.11-1.33]; 22 studies [n = 8246]), 3 to less than 6 months (RR, 1.20 [95% CI, 1.05-1.38]; 18 studies [n = 7027]), and at 6 months (RR, 1.16 [95% CI, 1.02-1.32]; 17 studies [n = 7690]). Absolute differences in the rates of any breastfeeding ranged from 14.1% in favor of the control group to 18.4% in favor of the intervention group. There was no significant association between interventions and breastfeeding initiation (RR, 1.00 [95% CI, 0.99-1.02]; 14 studies [n = 9428]). There was limited mixed evidence of an association between system-level interventions and rates of breastfeeding from well-controlled studies as well as for harms related to breastfeeding interventions, including maternal anxiety scores, decreased confidence, and concerns about confidentiality. Conclusions and Relevance: The updated evidence confirms that breastfeeding support interventions are associated with an increase in the rates of any and exclusive breastfeeding. There are limited well-controlled studies examining the effectiveness of system-level policies and practices on rates of breastfeeding or child health and none for maternal health."
neutral -> hard,outdoor_time_myopia,More outdoor time in early childhood reduces the risk of myopia,Optical and Visual Diet in Myopia,15,neutral,90,"This paper discusses the factors contributing to myopia development, including light exposure, but does not directly test the claim that more outdoor time in early childhood reduces the risk of myopia.",supports,85,Outdoor time is a major factor linked to myopia development,qwen3-8b-gpu,,,W4411046371,"The alarming increase in myopia prevalence in modern times is attributed to environmental changes affecting young individuals. Visual scenes are projected onto the retina by the eye's optical components and sampled by retinal photoreceptors, shaping the spatial, temporal, and chromatic ""visual diet"" fed to the visual system. These inputs provide essential signaling for proper emmetropization and, in eyes that develop myopia, trigger the cascade of events leading to excessive axial elongation. This article offers foundational components for formulating computational models of myopic eyes and highlights available and needed optical and structural data to construct longitudinal three-dimensional optical eye models in emmetropes and developing myopes. These wide-angle eye models, in both relaxed and accommodated states, will enable understanding of the changes the eye undergoes at myopia onset and potentially allow exploration of cause-effect relationships in myopia development. Age- and refractive-dependent eye models also serve as platforms to test the coupling of novel optical treatments for myopia control with the resulting blur patterns across the retina. Chromatic, spatial, and temporal stimuli are explored as plausible cues for emmetropization. The article also reviews published theories on mechanisms for encoding the sign of defocus and triggering axial elongation. Fully quantitative technologies for ocular geometrical, biometric, and optical evaluation, as well as for monitoring physical features of the environment, are critical for collecting multidimensional data sets that enable predictive models. Given that time spent outdoors is a major factor associated with myopia development, exploring mechanisms that connect light exposure with myopia is paramount. The article also reviews current proposed mechanisms linked to retinal dopaminergic pathways, dysfunction of melanopsin signaling, and disruption of circadian rhythms-factors altered in modern lifestyles by artificial illumination and prolonged use of digital displays. Understanding the interplay between distinct environmental attributes (e.g., light intensity, spatial frequency distribution, blur, spectral characteristics) and the filtering effects of ocular optics will help elucidate pivotal myopiagenic signals and potentially unveil the complex, multifactorial mechanisms relevant for myopia management. Additionally, an annex appended to the article discusses unresolved inquiries and promising research directions in myopia research, drawing from expert insights."
agreement (hard),screen_sleep,Higher screen time is associated with shorter sleep in young children,Association Between Portable Screen-Based Media Device Access or Use and Sleep Outcomes,688,supports,90,There was a strong and consistent association between bedtime media use and shorter sleep duration in children,supports,90,Bedtime media use strongly linked to inadequate sleep quantity and quality,qwen3:8b,,,W2548384288,"Importance: Sleep is vital to children's biopsychosocial development. Inadequate sleep quantity and quality is a public health concern with an array of detrimental health outcomes. Portable mobile and media devices have become a ubiquitous part of children's lives and may affect their sleep duration and quality. Objective: To conduct a systematic review and meta-analysis to examine whether there is an association between portable screen-based media device (eg, cell phones and tablet devices) access or use in the sleep environment and sleep outcomes. Data Sources: A search strategy consisting of gray literature and 24 Medical Subject Headings was developed in Ovid MEDLINE and adapted for other databases between January 1, 2011, and June 15, 2015. Searches of the published literature were conducted across 12 databases. No language restriction was applied. Study Selection: The analysis included randomized clinical trials, cohort studies, and cross-sectional study designs. Inclusion criteria were studies of school-age children between 6 and 19 years. Exclusion criteria were studies of stationary exposures, such as televisions or desktop or personal computers, or studies investigating electromagnetic radiation. Data Extraction and Synthesis: Of 467 studies identified, 20 cross-sectional studies were assessed for methodological quality. Two reviewers independently extracted data. Main Outcomes and Measures: The primary outcomes were inadequate sleep quantity, poor sleep quality, and excessive daytime sleepiness, studied according to an a priori protocol. Results: Twenty studies were included, and their quality was assessed. The studies involved 125 198 children (mean [SD] age, 14.5 [2.2] years; 50.1% male). There was a strong and consistent association between bedtime media device use and inadequate sleep quantity (odds ratio [OR], 2.17; 95% CI, 1.42-3.32) (P < .001, I2 = 90%), poor sleep quality (OR, 1.46; 95% CI, 1.14-1.88) (P = .003, I2 = 76%), and excessive daytime sleepiness (OR, 2.72; 95% CI, 1.32-5.61) (P = .007, I2 = 50%). In addition, children who had access to (but did not use) media devices at night were more likely to have inadequate sleep quantity (OR, 1.79; 95% CI, 1.39-2.31) (P < .001, I2 = 64%), poor sleep quality (OR, 1.53; 95% CI, 1.11-2.10) (P = .009, I2 = 74%), and excessive daytime sleepiness (OR, 2.27; 95% CI, 1.54-3.35) (P < .001, I2 = 24%). Conclusions and Relevance: To date, this study is the first systematic review and meta-analysis of the association of access to and the use of media devices with sleep outcomes. Bedtime access to and use of a media device were significantly associated with the following: inadequate sleep quantity, poor sleep quality, and excessive daytime sleepiness. An integrated approach among teachers, health care professionals, and parents is required to minimize device access at bedtime, and future research is needed to evaluate the influence of the devices on sleep hygiene and outcomes."
agreement (hard),breastfeeding_6m,Exclusive breastfeeding for the first 6 months leads to better health outcomes,"Breastfeeding in the 21st century: epidemiology, mechanisms, and lifelong effect",8160,supports,90,"Exclusive breastfeeding for the first 6 months provides protection against child infections, increases intelligence, and reduces child deaths",supports,90,"Exclusive breastfeeding linked to reduced infections, malocclusion, and improved intelligence, but not allergic disorders or blood pressure.",qwen3:8b,,,W2267159071,"The importance of breastfeeding in low-income and middle-income countries is well recognised, but less consensus exists about its importance in high-income countries. In low-income and middle-income countries, only 37% of children younger than 6 months of age are exclusively breastfed. With few exceptions, breastfeeding duration is shorter in high-income countries than in those that are resource-poor. Our meta-analyses indicate protection against child infections and malocclusion, increases in intelligence, and probable reductions in overweight and diabetes. We did not find associations with allergic disorders such as asthma or with blood pressure or cholesterol, and we noted an increase in tooth decay with longer periods of breastfeeding. For nursing women, breastfeeding gave protection against breast cancer and it improved birth spacing, and it might also protect against ovarian cancer and type 2 diabetes. The scaling up of breastfeeding to a near universal level could prevent 823,000 annual deaths in children younger than 5 years and 20,000 annual deaths from breast cancer. Recent epidemiological and biological findings from during the past decade expand on the known benefits of breastfeeding for women and children, whether they are rich or poor."
agreement (neutral),egg_intro_early,Introducing egg between 4 and 6 months reduces the risk of egg allergy,EAACI Molecular Allergology User's Guide,918,neutral,90,,neutral,20,Paper discusses allergens and diagnostics but does not address egg introduction timing.,qwen3-8b-gpu,,,W2418916810,"The availability of allergen molecules ('components') from several protein families has advanced our understanding of immunoglobulin E (IgE)-mediated responses and enabled 'component-resolved diagnosis' (CRD). The European Academy of Allergy and Clinical Immunology (EAACI) Molecular Allergology User's Guide (MAUG) provides comprehensive information on important allergens and describes the diagnostic options using CRD. Part A of the EAACI MAUG introduces allergen molecules, families, composition of extracts, databases, and diagnostic IgE, skin, and basophil tests. Singleplex and multiplex IgE assays with components improve both sensitivity for low-abundance allergens and analytical specificity; IgE to individual allergens can yield information on clinical risks and distinguish cross-reactivity from true primary sensitization. Part B discusses the clinical and molecular aspects of IgE-mediated allergies to foods (including nuts, seeds, legumes, fruits, vegetables, cereal grains, milk, egg, meat, fish, and shellfish), inhalants (pollen, mold spores, mites, and animal dander), and Hymenoptera venom. Diagnostic algorithms and short case histories provide useful information for the clinical workup of allergic individuals targeted for CRD. Part C covers protein families containing ubiquitous, highly cross-reactive panallergens from plant (lipid transfer proteins, polcalcins, PR-10, profilins) and animal sources (lipocalins, parvalbumins, serum albumins, tropomyosins) and explains their diagnostic and clinical utility. Part D lists 100 important allergen molecules. In conclusion, IgE-mediated reactions and allergic diseases, including allergic rhinoconjunctivitis, asthma, food reactions, and insect sting reactions, are discussed from a novel molecular perspective. The EAACI MAUG documents the rapid progression of molecular allergology from basic research to its integration into clinical practice, a quantum leap in the management of allergic patients."
agreement (neutral),dha_brain,Omega-3 DHA intake in infancy supports brain and visual development,Nutrition and brain development in early life,1025,neutral,90,"The paper discusses the importance of adequate nutrition for brain development, but does not specifically mention Omega-3 DHA intake in infancy",neutral,50,Essential fatty acids require further research on brain development impact,qwen3:8b,,,W2155746491,"Presented here is an overview of the pathway from early nutrient deficiency to long-term brain function, cognition, and productivity, focusing on research from low- and middle-income countries. Animal models have demonstrated the importance of adequate nutrition for the neurodevelopmental processes that occur rapidly during pregnancy and infancy, such as neuron proliferation and myelination. However, several factors influence whether nutrient deficiencies during this period cause permanent cognitive deficits in human populations, including the child's interaction with the environment, the timing and degree of nutrient deficiency, and the possibility of recovery. These factors should be taken into account in the design and interpretation of future research. Certain types of nutritional deficiency clearly impair brain development, including severe acute malnutrition, chronic undernutrition, iron deficiency, and iodine deficiency. While strategies such as salt iodization and micronutrient powders have been shown to improve these conditions, direct evidence of their impact on brain development is scarce. Other strategies also require further research, including supplementation with iron and other micronutrients, essential fatty acids, and fortified food supplements during pregnancy and infancy."
